country,pl,plf,reg,ts,user
IT,33,Android,1511191920859,1586044805457,1122239prod-eu
IN,33,Android,1509074590554,1586045807421,147065prod-us
TR,33,iOS,1575420775882,1586047059117,25564086prod-eu
HK,12,Android,1584406076183,1586045087568,10123050prod-as
CN,21,Android,1581887511291,1586046421744,9893956prod-as
IN,20,iOS,1583350253973,1586074044409,24472040prod-in
US,33,iOS,1553399701371,1586047243513,9682362prod-us
CN,33,iOS,1581174682483,1586046035797,9816255prod-as
ID,4,Android,1585545118287,1586045921215,25227926prod-in
CN,5,iOS,1585697862030,1586050032019,10261900prod-as
CA,6,iOS,1585543868628,1586044832891,16301583prod-us
CN,24,iOS,1583947311356,1586054671726,10081665prod-as
IL,7,Android,1558654682919,1586078695716,20194232prod-eu
BY,4,Android,1585995080043,1586069651937,29013064prod-eu
HK,15,Android,1584213516668,1586048937622,10102686prod-as
IN,17,Android,1582260752979,1586063781477,24167181prod-in
IN,3,Android,1586056610949,1586056610955,25418878prod-in
MY,33,Android,1572624674170,1586047273084,20712243prod-in
ID,26,iOS,1583644299040,1586054431504,24558795prod-in
PH,5,Android,1585107473275,1586048192796,25048969prod-in
GB,6,Android,1585825019466,1586048105684,28964244prod-eu
LK,33,Android,1576917766818,1586046942137,22321861prod-in
MY,5,iOS,1585211350501,1586045919133,25094409prod-in
CN,27,iOS,1582454650487,1586044869743,9948227prod-as
IL,7,Android,1526516955025,1586088364999,12134757prod-eu
KZ,25,Android,1537114841634,1586071271921,14755831prod-eu
VN,21,Android,1580557202987,1586044878542,23657211prod-in
JP,13,Android,1584600136139,1586046194534,10149245prod-as
MY,6,Android,1585719991817,1586069274625,25294147prod-in
US,31,Android,1549644623030,1586084747716,9098429prod-us
CZ,3,Android,1512242240910,1586085088105,4610308prod-eu
RU,20,Android,1583492865589,1586044874564,28232799prod-eu
PS,3,Android,1586089397694,1586089397700,25434770prod-in
KG,20,Android,1580529469119,1586047499627,27442499prod-eu
CN,25,Android,1586064078109,1586064078136,10324373prod-as
RU,18,Android,1583329997439,1586082892362,28192321prod-eu
CN,24,Android,1564125447408,1586046360106,7886755prod-as
PH,18,Android,1585360553332,1586044847251,25154318prod-in
BD,11,Android,1585495726162,1586054816704,25213491prod-in
US,3,Android,1573927120429,1586085976845,13969184prod-us
BR,25,Android,1580910899564,1586045853860,15502043prod-us
CN,8,iOS,1563453756113,1586046790974,7814416prod-as
ID,25,Android,1512911178790,1586045147029,3692294prod-in
CN,4,iOS,1585972437238,1586051892921,10296865prod-as
MM,8,Android,1585388833140,1586059325384,16265768prod-us
EG,6,Android,1585840252641,1586065004359,25343874prod-in
DE,33,iOS,1575667542003,1586057955333,25647169prod-eu
TR,3,Android,1586076456220,1586076456247,29035336prod-eu
CN,6,Android,1585932554685,1586051273965,10287322prod-as
RU,6,Android,1513252851138,1586068997510,6320747prod-eu
CN,27,iOS,1583164992171,1586045548578,10012880prod-as
JM,3,Android,1586038856958,1586044817986,16393029prod-us
BR,3,Android,1586040886008,1586044843956,16393524prod-us
IN,14,iOS,1582736227685,1586067386055,24310434prod-in
VN,33,Android,1512299185402,1586060425017,2937979prod-in
CN,5,iOS,1531118376936,1586051220170,4673288prod-as
MY,15,Android,1526898600656,1586046874260,8267193prod-in
CN,6,iOS,1563723052766,1586048727753,7846882prod-as
CN,25,iOS,1580538113572,1586049337240,9727230prod-as
JP,30,Android,1582536369526,1586048818912,9955646prod-as
CN,1,Android,1585097654513,1586056669807,10206497prod-as
PH,4,Android,1564052706823,1586067611750,17290264prod-in
NL,3,iOS,1550075316280,1586071071531,17453068prod-eu
CN,3,iOS,1515937993509,1586045926691,2401913prod-as
TR,3,Android,1586039136418,1586046137314,29029676prod-eu
TW,23,iOS,1580539737229,1586048932373,9727473prod-as
IN,24,Android,1551200002292,1586053604562,12091544prod-in
US,4,Android,1585824143536,1586044968034,16354898prod-us
MM,4,Android,1561195504073,1586057594350,16246527prod-in
AR,2,Android,1586060510834,1586060510855,16398358prod-us
ID,11,Android,1585843500830,1586058589777,25345275prod-in
TR,15,iOS,1511564976764,1586078337854,2619861prod-eu
IR,3,Android,1586026637964,1586080454408,29025701prod-eu
RU,7,Android,1549388481434,1586079408963,17294702prod-eu
KZ,7,Android,1584991020565,1586062430719,28690306prod-eu
CN,8,iOS,1585768695735,1586055351326,10268348prod-as
PH,8,Android,1546248292127,1586046129183,11378844prod-in
IN,7,Android,1581262073172,1586048381205,23892037prod-in
HK,33,Android,1524487976355,1586045908588,4007277prod-as
DE,30,Android,1556831253734,1586046773337,19492897prod-eu
EG,4,Android,1585778288400,1586091492472,25318407prod-in
ID,29,Android,1522126883759,1586065106832,6900605prod-in
CN,18,iOS,1584300834315,1586055751851,10113005prod-as
ZA,9,Android,1585227574242,1586070802158,25103828prod-in
NG,5,Android,1585557390566,1586045141123,25233986prod-in
IR,8,Android,1585844238224,1586062399067,28972345prod-eu
CN,33,iOS,1571310091471,1586044891883,8753878prod-as
KR,10,Android,1584156037036,1586048979761,15998936prod-us
DE,23,iOS,1580602035386,1586054475422,27467722prod-eu
DE,4,iOS,1583883681921,1586046200035,28362920prod-eu
DE,6,Android,1584721445658,1586044829597,28605435prod-eu
CN,1,Android,1559403777883,1586049457293,7325089prod-as
PK,33,Android,1523787520500,1586064903121,7426531prod-in
JP,18,Android,1583202150085,1586045108221,10014666prod-as
CL,4,Android,1574651837733,1586061054168,14121728prod-us
TT,4,iOS,1575583302641,1586063227508,14323292prod-us
IN,12,Android,1583384969324,1586052335472,24478269prod-in
PK,7,Android,1585477199585,1586064259787,25203938prod-in
MY,3,Android,1586070252302,1586070252311,25425180prod-in
CN,26,iOS,1517806167034,1586047791311,2857704prod-as
HK,26,iOS,1580362535894,1586045339315,9710017prod-as
CN,7,iOS,1585843367275,1586054398772,10278435prod-as
IN,6,Android,1585086786257,1586049015903,25043413prod-in
NG,3,Android,1586046321064,1586046321069,25415686prod-in
CN,33,iOS,1517762444430,1586046370903,2840618prod-as
RU,8,Android,1585479647933,1586047096920,28857779prod-eu
CN,1,iOS,1586081980573,1586081980593,10327532prod-as
IN,2,Android,1586010113025,1586052650487,25405992prod-in
AE,10,iOS,1583660475771,1586063391021,28292887prod-eu
HK,33,Android,1576473655281,1586045789829,9304984prod-as
PE,24,iOS,1558565415380,1586045566209,10879689prod-us
RU,33,Android,1524236483962,1586071961807,11519654prod-eu
BD,15,Android,1554445599971,1586069027258,12874552prod-in
RU,4,Android,1541830334147,1586115532313,15658355prod-eu
MY,10,Android,1511980738072,1586079908467,2392679prod-in
UZ,30,Android,1576586532857,1586048311768,25984495prod-eu
IQ,20,Android,1580638361359,1586079395068,27474667prod-eu
IQ,3,Android,1585874125781,1586047982976,28982521prod-eu
CN,25,iOS,1581520087659,1586049022060,9857548prod-as
MY,17,Android,1579485495595,1586048304255,23366609prod-in
EG,19,Android,1584193357007,1586098880237,24720910prod-in
RU,3,Android,1585655553622,1586096498103,28913683prod-eu
GP,20,Android,1538022138907,1586045473203,7751265prod-us
HK,12,iOS,1585043090176,1586063235188,10201694prod-as
CN,10,Android,1585534503878,1586059550759,10248528prod-as
RU,8,Android,1562007353960,1586044914549,21178753prod-eu
PH,8,Android,1585833728307,1586059228901,25341009prod-in
RU,24,Android,1583936118350,1586057616679,28373744prod-eu
RU,5,Android,1584010309865,1586078670015,28392161prod-eu
JP,32,Android,1529168137608,1586046324745,4470677prod-as
CN,7,iOS,1535288824435,1586044990911,5198120prod-as
DE,29,Android,1525845951503,1586062583096,8011772prod-in
CN,30,iOS,1583034731179,1586047959311,10000132prod-as
CN,24,Android,1584563644099,1586044817008,10145223prod-as
TN,10,Android,1583380061787,1586079995557,24476833prod-in
VN,16,Android,1583661986049,1586052184072,24567271prod-in
IN,5,Android,1585234080235,1586056995201,25107415prod-in
IN,8,Android,1585730074250,1586057859576,25299095prod-in
ID,3,Android,1585912132525,1586059204622,25369280prod-in
FR,13,Android,1576731336341,1586067822096,26032671prod-eu
IR,5,Android,1585642581199,1586050281126,28908672prod-eu
CN,33,iOS,1558081135913,1586052909518,7177879prod-as
CN,12,iOS,1582970358616,1586045038474,9994611prod-as
CN,26,iOS,1584527311434,1586055193581,10140910prod-as
CN,1,Android,1585993694544,1586086642710,10307798prod-as
CN,4,Android,1585995100382,1586050339678,10308633prod-as
CI,3,iOS,1585880228877,1586091484083,25354700prod-in
PH,4,Android,1585934285408,1586045401247,25378466prod-in
ID,3,Android,1586073086123,1586073086131,25426562prod-in
UA,26,Android,1577106874203,1586046432018,26194788prod-eu
RU,18,Android,1584287297513,1586051523801,28478702prod-eu
CN,33,iOS,1545482385195,1586046707665,5969371prod-as
CN,15,iOS,1582770761381,1586044824112,9975830prod-as
TH,20,iOS,1585206783246,1586075928491,10218942prod-as
CN,31,Android,1585666564214,1586046725466,10260758prod-as
MY,27,Android,1577693834548,1586045164595,22652330prod-in
IN,12,Android,1585110674168,1586056121001,25050549prod-in
ID,3,iOS,1586073783791,1586073783798,25426901prod-in
UA,18,Android,1582374062939,1586058824927,27947983prod-eu
DE,19,Android,1584360149656,1586045808737,28499324prod-eu
CN,16,iOS,1568159993566,1586050384354,8434224prod-as
CN,14,iOS,1581670688152,1586068213481,9871322prod-as
CN,10,Android,1585484873213,1586044903760,10245543prod-as
CN,3,Android,1586051853364,1586051853387,10321502prod-as
PH,24,Android,1563283106655,1586048864810,17024370prod-in
IN,4,Android,1585898616499,1586080292871,25362591prod-in
IN,5,Android,1585909614403,1586053754542,25368039prod-in
DE,17,Android,1515766465906,1586083516466,8055674prod-eu
TR,13,Android,1552843187105,1586045930905,18108547prod-eu
VN,24,iOS,1580878137647,1586060729790,23746747prod-in
NG,8,Android,1584721383960,1586066464874,24898736prod-in
PL,3,Android,1586021416246,1586070699416,29023584prod-eu
TR,30,Android,1510996000228,1586045844560,397884prod-eu
CN,3,iOS,1585973143999,1586045940900,10297305prod-as
US,10,Android,1563890933860,1586047036188,11853751prod-us
CN,30,Android,1566746108148,1586057553608,12554408prod-us
NG,10,Android,1581649229288,1586045551470,23991538prod-in
IN,4,Android,1582536389477,1586058965565,24252700prod-in
ID,22,Android,1582661373439,1586046646237,24290743prod-in
IN,20,Android,1583755613939,1586059441826,24597258prod-in
BD,8,Android,1584725544432,1586063876758,24900385prod-in
ID,4,Android,1586062287934,1586062287943,25421381prod-in
MD,17,Android,1578060965400,1586062505017,26641647prod-eu
UA,16,Android,1580305074201,1586071238023,27384193prod-eu
KR,23,iOS,1581509162428,1586044821810,9855959prod-as
CN,6,iOS,1585919126830,1586070402188,10285784prod-as
IQ,6,Android,1523575107373,1586047690654,11171150prod-eu
RU,3,Android,1570203713185,1586069927146,23907476prod-eu
VN,14,iOS,1585020533717,1586054660044,25013874prod-in
PH,3,Android,1585928643958,1586071493044,25376365prod-in
KZ,20,Android,1582113729613,1586044859111,27880391prod-eu
RU,3,Android,1585679897785,1586074393623,28924353prod-eu
UZ,3,Android,1586088564278,1586088564335,29039844prod-eu
KR,25,iOS,1575085678004,1586072669054,9137189prod-as
CA,3,Android,1586019006375,1586089675160,16388380prod-us
IN,31,Android,1576944686453,1586055765179,22337750prod-in
TM,20,iOS,1580419473220,1586053872861,23621556prod-in
IN,10,Android,1584470720762,1586061615099,24810073prod-in
VN,18,iOS,1586025271958,1586064022157,25411828prod-in
PH,3,Android,1586053753765,1586053753774,25417766prod-in
BY,10,Android,1578829789946,1586065779342,26948826prod-eu
AE,15,Android,1581616925199,1586057276280,27750831prod-eu
RU,22,Android,1582048308198,1586058693218,27867803prod-eu
UA,7,Android,1583854602737,1586044848994,28353077prod-eu
RU,5,iOS,1585912848368,1586059906952,28990649prod-eu
UA,4,iOS,1586091509272,1586091509297,29041056prod-eu
IN,15,Android,1535779097576,1586067367298,9990532prod-in
TW,1,Android,1586084475624,1586084475654,10328115prod-as
US,31,Android,1575456256877,1586045057751,14297959prod-us
CN,4,Android,1586013231831,1586053883345,16387252prod-us
NG,14,Android,1566032589792,1586101059284,18231992prod-in
BR,15,iOS,1512059294701,1586048518396,2110449prod-us
VN,8,Android,1577330331861,1586059051766,22493776prod-in
IN,4,Android,1583570184122,1586064777909,24533692prod-in
IN,16,Android,1584975976548,1586059351872,25001633prod-in
IN,5,Android,1585758887442,1586061702178,25313394prod-in
RU,13,Android,1581948349073,1586067212001,27842675prod-eu
IR,8,Android,1582759386113,1586049307082,28050735prod-eu
CN,31,iOS,1581067707281,1586047803870,9798633prod-as
CN,3,iOS,1586058261704,1586058261723,10322991prod-as
IN,22,Android,1557223927690,1586057777731,14089927prod-in
MR,28,Android,1568035073155,1586072285328,18969278prod-in
VN,30,iOS,1576485046521,1586047263051,22148009prod-in
GH,10,Android,1579709487975,1586078334661,23428412prod-in
IN,9,iOS,1584523575257,1586052147856,24825822prod-in
IN,8,Android,1585457506146,1586050215346,25193897prod-in
IN,8,Android,1585656297476,1586053838068,25273266prod-in
LK,3,Android,1586082032504,1586082032508,25431043prod-in
KZ,10,Android,1581687717807,1586098140276,27766318prod-eu
SA,5,iOS,1585855218638,1586068981426,28977501prod-eu
NI,10,Android,1511151150820,1586045995371,619790prod-us
AE,20,iOS,1519927750585,1586047419016,6247010prod-in
CN,28,Android,1581401940541,1586046418924,9843628prod-as
CN,11,iOS,1584176548180,1586076168963,10098181prod-as
RU,23,Android,1520739141054,1586045468359,10105792prod-eu
TH,15,Android,1584876157393,1586071043716,10183722prod-as
CN,7,iOS,1585628420598,1586046151302,10256714prod-as
AR,26,Android,1577654971974,1586078742578,14842752prod-us
US,18,iOS,1580240532337,1586057635824,15401902prod-us
RU,11,Android,1560925979556,1586082680141,20873809prod-eu
IN,15,iOS,1580634983838,1586053179030,23680554prod-in
IN,23,Android,1581419520996,1586045055923,23932443prod-in
IN,6,Android,1585079059166,1586075540784,25041948prod-in
IN,4,Android,1585814087457,1586056916558,25331483prod-in
BD,5,Android,1585873094619,1586057358310,25352589prod-in
CZ,8,Android,1579894403931,1586065274918,27268729prod-eu
YE,30,Android,1579946092633,1586084271534,27280498prod-eu
IR,20,Android,1580388782795,1586059592894,27406071prod-eu
IR,15,Android,1584173213889,1586046491452,28436011prod-eu
IR,8,Android,1585409264137,1586058091466,28835111prod-eu
RU,5,Android,1585489127393,1586085939082,28861961prod-eu
ID,3,Android,1586060673632,1586060673656,29032037prod-eu
TH,32,iOS,1551544073272,1586045405299,6479728prod-as
IN,10,Android,1510976364118,1586081033853,947443prod-in
CN,11,Android,1585939707332,1586051250259,10288553prod-as
CN,4,iOS,1586021276112,1586073639606,10318052prod-as
IR,31,Android,1556497083286,1586045002308,19350047prod-eu
EG,5,Android,1573277977333,1586050462661,20945032prod-in
IN,14,Android,1582477691232,1586055033345,24239933prod-in
NG,14,Android,1583483495568,1586094894671,24506280prod-in
EG,4,iOS,1585863916745,1586065689719,25350975prod-in
IN,4,Android,1586013646345,1586054064346,25407639prod-in
IN,3,Android,1586076211949,1586076211964,25428107prod-in
IR,8,Android,1585348986645,1586079005456,28816612prod-eu
IE,9,Android,1585678254493,1586068914555,28923554prod-eu
IL,4,Android,1585969281176,1586069526023,29007289prod-eu
TW,18,Android,1572010374801,1586045147672,8818719prod-as
CN,22,iOS,1574225248217,1586050071863,9049357prod-as
JP,33,Android,1579953942870,1586045145786,9670318prod-as
TH,21,Android,1581561113774,1586046011266,9860173prod-as
CN,5,iOS,1586005416637,1586045164682,10314357prod-as
IN,2,Android,1558663896968,1586069884573,15020227prod-in
US,3,iOS,1585701596743,1586063011544,16331829prod-us
TJ,33,Android,1561802418189,1586053024213,21113241prod-eu
IN,29,Android,1575643881299,1586057624061,21806407prod-in
IN,5,Android,1585795377797,1586056733742,25322830prod-in
IN,5,Android,1585842093065,1586052675823,25344664prod-in
IN,3,Android,1586001433860,1586063814847,25401794prod-in
RU,23,iOS,1579531582838,1586068531704,27178588prod-eu
RO,7,Android,1580743320298,1586066461224,27503569prod-eu
UA,24,Android,1582297471691,1586073051510,27926388prod-eu
IR,5,Android,1585396537997,1586065746546,28828762prod-eu
RU,5,Android,1585654000654,1586081063709,28913073prod-eu
UZ,4,Android,1585769984945,1586085402390,28952057prod-eu
CN,29,Android,1527866721809,1586047509266,4367548prod-as
JP,12,Android,1570437909498,1586048271298,8678436prod-as
SG,15,Android,1578652642697,1586050688035,9521059prod-as
CN,33,iOS,1580394630050,1586044996036,9714147prod-as
CN,13,Android,1583552507395,1586044887548,10044957prod-as
CN,4,iOS,1585962186028,1586045309201,10292356prod-as
IN,19,iOS,1550511921232,1586076167577,12003465prod-in
BR,13,Android,1584890980734,1586044878300,16148226prod-us
IN,4,Android,1570079354408,1586091358123,19742355prod-in
IN,17,Android,1580862131530,1586060844073,23742667prod-in
IN,4,Android,1585553449453,1586071480899,25231988prod-in
VN,3,Android,1585980232299,1586047532448,25391207prod-in
IN,4,Android,1585999493389,1586059219760,25400765prod-in
IN,3,Android,1586049372243,1586049372249,25416417prod-in
PL,19,iOS,1584993693742,1586065709354,28691371prod-eu
IT,10,Android,1585025563614,1586044910192,28696222prod-eu
RU,8,Android,1585468439337,1586055427582,28853506prod-eu
UZ,3,Android,1585909757173,1586054070540,28989470prod-eu
RU,3,Android,1586112031715,1586112031747,29049048prod-eu
CN,33,Android,1517923990223,1586047543837,2921129prod-as
CN,3,Android,1553358986746,1586062498457,6635925prod-as
CN,33,iOS,1580558424348,1586045952809,9730927prod-as
CN,24,iOS,1582212877312,1586044827488,9923691prod-as
CN,15,iOS,1585458270348,1586048826416,10242049prod-as
TH,3,Android,1585922586054,1586055505579,10286165prod-as
US,5,Android,1585991618126,1586049822797,10306478prod-as
CN,1,Android,1586044474870,1586101200100,10320058prod-as
CN,3,iOS,1586047719241,1586047719264,10320686prod-as
CO,11,Android,1570187833330,1586045309247,13273630prod-us
US,31,iOS,1582044888594,1586044834411,15684876prod-us
IL,16,Samsung,1556962298640,1586064751927,19542801prod-eu
IT,6,Android,1557854227180,1586081716513,19908417prod-eu
IN,4,Android,1585245374526,1586073228694,25112827prod-in
ID,4,Android,1585814581646,1586047215503,25331708prod-in
IN,3,Android,1585977626222,1586079493315,25389966prod-in
DE,26,Android,1575756964983,1586044985016,25687575prod-eu
CN,33,iOS,1517034495848,1586045162625,2626924prod-as
RU,15,Android,1583527489499,1586044886254,28248802prod-eu
UZ,13,Android,1584201811404,1586065139613,28448701prod-eu
IR,2,Android,1586029228264,1586074316809,29026715prod-eu
RU,1,iOS,1586081521337,1586081521361,29037118prod-eu
US,30,Android,1583795656700,1586045187554,10067870prod-as
CN,3,iOS,1585970697987,1586047046159,10295936prod-as
CN,3,iOS,1586047217814,1586047217835,10320581prod-as
PH,13,Android,1550749738580,1586062808207,12030979prod-in
VN,8,Android,1552402038549,1586045532909,12256292prod-in
BR,7,Samsung,1584503407962,1586045664208,16065996prod-us
MX,7,iOS,1584581193214,1586050755204,16080050prod-us
UNKNOWN,4,Android,1585587660384,1586082890514,16307174prod-us
DE,20,Android,1511309827133,1586044838386,1634189prod-eu
BR,3,Android,1585982340609,1586051196612,16384304prod-us
US,4,Android,1586029046483,1586062645069,16390629prod-us
VN,30,iOS,1564068849062,1586047839486,17296283prod-in
IN,33,Android,1565801484088,1586063997275,18145695prod-in
IN,3,iOS,1574009323395,1586060819629,21219690prod-in
UZ,30,Android,1569743385975,1586056030379,23786303prod-eu
IN,4,Android,1584509995089,1586058598690,24819585prod-in
ID,3,Android,1585966499564,1586049743946,25385362prod-in
RU,33,Android,1575022973856,1586054061600,25416205prod-eu
HU,9,Android,1584907353271,1586069227461,28666991prod-eu
UZ,4,Android,1585158703605,1586077191471,28745452prod-eu
IR,6,Android,1585386395522,1586072993718,28824127prod-eu
KW,4,Android,1585895895800,1586054580005,28985144prod-eu
CN,33,Android,1548932906695,1586051535353,6257866prod-as
AU,33,iOS,1549534902292,1586050232419,9085569prod-us
CN,33,iOS,1576377917111,1586044941741,9285022prod-as
CN,22,iOS,1581070195269,1586049462424,9799287prod-as
CN,18,iOS,1584203548550,1586058414798,10102047prod-as
CN,10,iOS,1585196846000,1586070760562,10217578prod-as
PH,33,iOS,1537843965902,1586054136587,10285516prod-in
TH,4,Android,1586010473139,1586051949854,10316012prod-as
ID,14,Android,1543006247674,1586062425103,10917649prod-in
US,2,iOS,1565730313619,1586045405005,12338231prod-us
CN,25,iOS,1511095869066,1586060011322,142171prod-as
ID,31,Android,1567271269080,1586050507731,18669765prod-in
IN,5,Android,1570435022630,1586047696493,19887484prod-in
EG,20,Android,1574519570817,1586076584904,21392245prod-in
GB,9,Android,1511454989108,1586096106624,2179929prod-eu
BD,32,Android,1576451924597,1586059619047,22136151prod-in
ID,27,Android,1577029638174,1586047647628,22376929prod-in
IN,3,Android,1577106973593,1586055736634,22405912prod-in
IR,26,Android,1566794516371,1586084085156,22850679prod-eu
ID,10,Android,1581071499639,1586046273474,23819253prod-in
BF,16,Android,1581171629201,1586065203692,23857418prod-in
IN,24,Android,1582305828707,1586056757863,24185376prod-in
IN,18,Android,1582778662855,1586054098142,24317736prod-in
VN,25,iOS,1583518233637,1586052558668,24519554prod-in
VN,15,Android,1584087162613,1586046133030,24690482prod-in
IN,12,Android,1584895948170,1586049663132,24970394prod-in
PH,10,iOS,1585349112411,1586060436707,25151735prod-in
IN,5,Android,1585678160806,1586073479450,25282583prod-in
VN,3,iOS,1586017782337,1586060546558,25409475prod-in
IN,3,Android,1586023964683,1586060271143,25411467prod-in
RU,13,Android,1575825519482,1586066330765,25715672prod-eu
UZ,6,Android,1585559626433,1586077091366,28881870prod-eu
KZ,4,Android,1585839904173,1586063567044,28970453prod-eu
BR,29,Android,1514214929306,1586052010706,3654275prod-us
CN,25,Android,1529830800255,1586048788130,4529207prod-as
LK,4,iOS,1515512533801,1586055805664,4978207prod-in
CN,21,Android,1565323092677,1586082892788,8103220prod-as
CN,7,Android,1566818511869,1586049950103,8300910prod-as
CN,17,Android,1585814967823,1586062469621,10273741prod-as
CN,6,iOS,1585995501360,1586047568354,10308856prod-as
IN,12,iOS,1540832974954,1586085835595,10671559prod-in
US,30,Android,1559904554094,1586067410731,11144460prod-us
US,24,iOS,1580133713221,1586048054814,15385100prod-us
MA,33,Android,1559805685195,1586045711593,15641602prod-in
US,5,iOS,1584314274283,1586046666368,16030144prod-us
RU,33,Android,1510841412575,1586086078431,1836prod-eu
IR,20,Android,1562061587793,1586074447091,21190570prod-eu
VN,24,iOS,1575560931977,1586046565982,21777077prod-in
RU,33,Android,1565873895261,1586063986398,22551717prod-eu
MY,33,Android,1581848325506,1586059691248,24056336prod-in
IN,8,Android,1584239818282,1586052819709,24732259prod-in
ID,16,Android,1584645997416,1586090579647,24869083prod-in
VN,27,iOS,1585320003794,1586050907823,25142856prod-in
IN,4,Android,1585746278783,1586063055270,25307533prod-in
IN,5,Android,1585814979981,1586060475228,25331906prod-in
IN,3,Android,1585889640310,1586060005938,25358531prod-in
NG,3,Android,1586000024516,1586055519730,25401047prod-in
MY,3,Android,1586060313419,1586060313421,25420480prod-in
FR,1,iOS,1582951643257,1586082531590,28095509prod-eu
RU,13,Android,1583917405599,1586058331591,28367710prod-eu
RU,10,Android,1585149085130,1586060825518,28740238prod-eu
US,16,Android,1512609654379,1586045640110,2879103prod-us
IR,3,Android,1586090225324,1586090225359,29040534prod-eu
HK,33,iOS,1529078654250,1586048651781,4459174prod-as
CN,13,iOS,1581001369240,1586050590871,9790242prod-as
BR,3,Android,1554683281264,1586099932531,9962438prod-us
CN,5,iOS,1585971781613,1586054138484,10296515prod-as
FR,25,Android,1586002437257,1586045514765,10312986prod-as
CN,3,iOS,1586007413520,1586047284803,10315036prod-as
CN,5,iOS,1586027337103,1586054337215,10318709prod-as
RU,33,Android,1532354185034,1586065534660,13626738prod-eu
LK,4,Android,1556619261727,1586051544622,13699548prod-in
MX,3,Android,1577848125876,1586068788344,14897201prod-us
RU,4,Android,1542625505317,1586084732239,15802326prod-eu
US,3,Android,1585791977975,1586051375553,16349925prod-us
CR,3,Android,1586120443056,1586120443076,16407282prod-us
GH,9,Android,1568947530528,1586065207516,19306770prod-in
MG,7,Android,1578035533558,1586063043759,22789447prod-in
NG,27,iOS,1580743586165,1586044991327,23711165prod-in
NG,5,iOS,1582975152194,1586057255669,24372246prod-in
ID,13,Android,1583211741264,1586048069344,24434459prod-in
KG,33,Android,1572866519644,1586054872465,24753581prod-eu
IN,4,Android,1584891321583,1586058710089,24968351prod-in
NP,14,Android,1585263577755,1586047472787,25117016prod-in
MY,8,Android,1585320936567,1586048631854,25143328prod-in
IN,11,Android,1585452522128,1586054221912,25191653prod-in
MM,4,Android,1585623293525,1586055292003,25257518prod-in
PH,4,Android,1585645105087,1586053615510,25267682prod-in
IN,6,Android,1585820226910,1586061763604,25334444prod-in
MY,3,Android,1585908699561,1586077225206,25367614prod-in
AF,4,Android,1585954207190,1586070071726,25382511prod-in
BD,3,Android,1586013084831,1586045808524,25407391prod-in
IN,1,Android,1586052285672,1586052285681,25417264prod-in
PH,3,Android,1586065827512,1586065827523,25423050prod-in
IT,23,Android,1584118355172,1586047083189,28422771prod-eu
OM,23,Android,1585109168353,1586060250974,28725008prod-eu
RU,7,iOS,1585413573773,1586063206009,28837349prod-eu
BE,8,Android,1585427859524,1586044816699,28844900prod-eu
KZ,7,Android,1585831077212,1586063108544,28966687prod-eu
AM,2,Android,1586106214921,1586106214953,29046771prod-eu
IN,3,Android,1518494920646,1586107748065,5768579prod-in
CN,3,iOS,1585958458768,1586045010228,10291132prod-as
CN,3,iOS,1585970733840,1586049808569,10295955prod-as
HK,8,Android,1585993452774,1586063768998,10307646prod-as
CN,1,Android,1586108408338,1586108408362,10331294prod-as
MA,22,iOS,1545901283743,1586048313550,11309990prod-in
VN,12,Android,1550056253292,1586051726216,11931950prod-in
EG,6,Android,1550504085988,1586070226323,12002275prod-in
ET,28,Android,1557069746434,1586060041259,13992162prod-in
PH,24,Android,1558308607489,1586048652159,14821803prod-in
BR,16,iOS,1578697161166,1586045086710,15103633prod-us
BR,16,Android,1580694275938,1586045866402,15474106prod-us
US,10,Samsung,1583588325214,1586045476994,15906658prod-us
PE,14,Android,1583684655125,1586049942971,15928135prod-us
IN,26,Android,1511711999358,1586053221800,2047654prod-in
MY,15,Android,1572097844820,1586063491596,20516667prod-in
RU,6,Android,1560452871321,1586056958156,20744158prod-eu
MY,24,iOS,1576341964646,1586060497000,22086839prod-in
EG,18,Android,1511977796401,1586045122818,2389703prod-in
ID,24,Android,1581985190758,1586047704086,24093959prod-in
ID,8,iOS,1583038427606,1586047750822,24389039prod-in
IR,10,Android,1572872120547,1586050439777,24755662prod-eu
MY,6,Android,1584709866476,1586045735328,24893250prod-in
IN,3,Android,1584852388585,1586051907499,24947529prod-in
IN,6,Android,1585325209365,1586057107576,25145373prod-in
IN,3,Android,1585468604457,1586060119334,25199506prod-in
IN,4,Android,1585858061201,1586076250398,25349999prod-in
LK,3,Android,1585972377583,1586057765991,25387598prod-in
IN,3,Android,1585978390117,1586050345766,25390331prod-in
EG,4,Android,1586026654459,1586070812723,25412209prod-in
PH,3,Android,1586060191309,1586060191311,25420424prod-in
IN,3,Android,1586073468882,1586073468890,25426742prod-in
HU,12,Android,1585573111022,1586064141395,28887690prod-eu
RU,5,Android,1585890480106,1586055224254,28984111prod-eu
RU,3,Android,1586003912129,1586069266735,29016612prod-eu
RU,10,iOS,1586009817915,1586083006211,29019019prod-eu
IR,3,Android,1586076585301,1586076585332,29035384prod-eu
IR,2,Android,1586100403442,1586100403472,29044444prod-eu
BR,21,Android,1516409901482,1586045928899,4209595prod-us
JP,33,iOS,1545746737964,1586044875747,5992783prod-as
NG,3,Android,1529182556875,1586072430912,8785319prod-in
CN,16,iOS,1582967878356,1586045768848,9994283prod-as
CN,18,Android,1584184068207,1586049169909,10099332prod-as
CN,16,Android,1585107758362,1586044879058,10207834prod-as
CN,11,iOS,1585360697948,1586045360060,10232848prod-as
CN,16,iOS,1585394132555,1586057116315,10236986prod-as
CN,7,iOS,1585972587841,1586044858783,10296964prod-as
CN,4,Android,1585998952769,1586046175082,10311003prod-as
CN,3,iOS,1586002028627,1586051213011,10312784prod-as
CO,9,Android,1584672134472,1586047165920,16099096prod-us
IN,5,Android,1586003734898,1586052808201,16385923prod-us
RU,23,Android,1546669082425,1586117376190,16675337prod-eu
VN,33,iOS,1568529811433,1586053133188,19149823prod-in
MY,19,Android,1570419816081,1586046398366,19879961prod-in
CI,27,iOS,1573900265897,1586045703287,21170091prod-in
MA,3,Android,1578771688997,1586087972744,23079438prod-in
UZ,33,Android,1569893655370,1586050161816,23830510prod-eu
PH,11,iOS,1582502034948,1586051642416,24243610prod-in
CI,16,Android,1582740013336,1586074653351,24311356prod-in
IN,15,Android,1585164455488,1586059542008,25077804prod-in
IN,9,Android,1585198888079,1586070133816,25087424prod-in
IN,9,Android,1585298849492,1586052164870,25131702prod-in
IN,10,Android,1585368291330,1586047826249,25157455prod-in
PK,8,iOS,1585477958724,1586050008790,25204345prod-in
BD,3,Android,1585613165677,1586085324334,25254616prod-in
IN,4,Android,1585736435327,1586052914656,25302457prod-in
IN,11,iOS,1585838958959,1586046049150,25343281prod-in
MM,2,Android,1585936604561,1586104178863,25379183prod-in
RU,8,Android,1583410048713,1586067714316,28210666prod-eu
UZ,1,Android,1586077084272,1586077084298,29035532prod-eu
CL,11,Android,1524448180247,1586047559770,5940102prod-us
VN,5,iOS,1519056640067,1586051234392,5962106prod-in
CN,15,iOS,1561430938476,1586052188642,7555137prod-as
CN,10,Android,1563091964000,1586049961489,7772581prod-as
TH,33,Android,1567801301589,1586050194184,8395428prod-as
CN,8,iOS,1584865612337,1586049630971,10181737prod-as
CN,16,iOS,1585408417476,1586045482443,10238737prod-as
CN,5,Android,1585788637453,1586063518439,10269421prod-as
CN,10,iOS,1585838730813,1586055298949,10277930prod-as
JP,5,Android,1585918706609,1586046009154,10285739prod-as
CN,3,iOS,1585993482564,1586063493819,10307663prod-as
CN,3,iOS,1586047152702,1586047152726,10320571prod-as
CN,3,Android,1586075203040,1586075203068,10326197prod-as
DE,24,iOS,1521531306982,1586062059186,10364378prod-eu
US,28,Android,1511114759201,1586083758770,1140876prod-in
SY,18,Android,1532207543041,1586046942607,13586134prod-eu
MX,15,Android,1580664174280,1586048820757,15466387prod-us
US,9,Android,1582930875194,1586048514615,15812495prod-us
VN,4,Android,1560432983031,1586052291279,15936524prod-in
AR,8,Android,1585597501078,1586049221627,16309735prod-us
JM,7,Android,1585672342934,1586045090003,16324124prod-us
IN,20,Android,1563002978424,1586061201638,16919199prod-in
IN,33,Android,1571489629204,1586060671683,20292203prod-in
EG,18,Android,1579450767536,1586048683828,23360668prod-in
IN,24,Android,1580663906720,1586061858916,23691744prod-in
IN,15,Android,1581068955650,1586056959001,23818053prod-in
PK,18,Android,1583466356232,1586057705849,24500643prod-in
SN,1,Android,1583818889021,1586069623934,24613522prod-in
IN,13,Android,1584339279168,1586047490233,24764967prod-in
IR,27,Android,1573804926007,1586072543110,25032539prod-eu
VN,5,iOS,1585066668957,1586045020323,25037373prod-in
IN,7,Android,1585312792612,1586057942139,25139184prod-in
VN,8,iOS,1585452314952,1586050415848,25191574prod-in
PK,4,Android,1585607350235,1586074190584,25253604prod-in
BD,4,Android,1585722734486,1586054801541,25295433prod-in
NG,5,iOS,1585832446495,1586044847797,25340482prod-in
KE,3,Android,1585920159330,1586083345595,25372846prod-in
NE,5,Android,1586034032789,1586065342561,25413788prod-in
EG,3,Android,1586042960499,1586045049324,25415092prod-in
TR,26,Android,1577628757997,1586047746677,26434794prod-eu
KZ,13,Android,1581104470420,1586068489920,27608866prod-eu
IR,16,Android,1581930485104,1586073494844,27837411prod-eu
RU,6,Android,1584470110481,1586056643070,28533627prod-eu
RU,8,iOS,1585665997083,1586062607744,28918037prod-eu
RU,5,Android,1585753141445,1586050627719,28944363prod-eu
RU,4,Android,1585907765343,1586061113136,28988749prod-eu
SA,4,iOS,1585943609456,1586056276695,29002795prod-eu
RU,3,Android,1585993678300,1586060013675,29012525prod-eu
TR,3,iOS,1586038663572,1586046283483,29029564prod-eu
MY,29,Android,1513177596014,1586045765779,3889369prod-in
BY,26,Android,1512451731292,1586052908635,5115970prod-eu
GB,33,Android,1510842088824,1586046105704,6582prod-as
TH,33,Android,1570081699831,1586065908977,8636881prod-as
HK,33,Android,1570296276878,1586045442395,8663933prod-as
CN,33,Android,1581626409879,1586048494069,9867521prod-as
IN,8,Android,1511022795388,1586071447092,1019086prod-in
CN,9,iOS,1585486829076,1586047034887,10245787prod-as
HK,4,Android,1585979687484,1586057349535,10300575prod-as
CN,3,iOS,1586054832380,1586054832403,10322145prod-as
IN,6,Android,1552923346557,1586071367521,12366791prod-in
IN,3,Android,1557286354648,1586051968354,14122281prod-in
PH,13,Android,1558056321788,1586101819571,14638779prod-in
BR,23,Android,1581976662522,1586045943916,15676579prod-us
US,2,iOS,1584277759927,1586093031164,16020239prod-us
GR,28,Android,1550333587362,1586058833287,17515484prod-eu
AT,33,Android,1553210688984,1586044901918,18201150prod-eu
NG,20,Android,1570766815380,1586067978422,20007197prod-in
ID,6,Android,1572586374116,1586049097022,20692622prod-in
ID,5,Android,1573961503829,1586046927720,21193204prod-in
PH,22,Android,1579525307450,1586065797216,23379398prod-in
UA,7,Android,1568555182889,1586086124937,23408424prod-eu
IN,16,Android,1580127818820,1586056280715,23547048prod-in
EG,15,Android,1580144840436,1586080268817,23553377prod-in
IN,20,Android,1580855431681,1586069992077,23741748prod-in
PK,13,Android,1581816989857,1586067060382,24042640prod-in
UA,22,Android,1571757583716,1586044998765,24390342prod-eu
PH,12,Android,1583377223885,1586058933290,24476049prod-in
PH,5,Android,1585712076302,1586052133444,25290529prod-in
VN,3,Android,1585917798189,1586059184396,25371871prod-in
MY,5,Android,1585998664673,1586073766974,25400325prod-in
EG,3,Android,1586018505686,1586046930356,25409721prod-in
RU,33,Android,1575056795603,1586045055349,25434030prod-eu
IR,10,Android,1582236877116,1586084275790,27913820prod-eu
UZ,22,Android,1583739571423,1586046682489,28320341prod-eu
IR,7,iOS,1584431089121,1586068401111,28518844prod-eu
RU,11,Android,1584589071038,1586045772613,28565384prod-eu
OM,10,Android,1584779203956,1586053265438,28620311prod-eu
BY,12,Android,1584874084942,1586065833559,28651450prod-eu
UA,5,Android,1584986654005,1586074336289,28688411prod-eu
RO,12,iOS,1585133069803,1586064172380,28732234prod-eu
RO,3,Android,1585907158580,1586062151345,28988525prod-eu
IN,12,Android,1513825643729,1586048987989,4312606prod-in
CN,33,iOS,1537537194485,1586047623544,5362828prod-as
PL,14,Android,1513257282785,1586044885619,6326410prod-eu
ID,33,Android,1521383566297,1586045612560,6662111prod-in
US,19,iOS,1535856133703,1586047052190,7475826prod-us
CN,16,iOS,1564827195146,1586049600635,8012724prod-as
KZ,33,Android,1516008729563,1586074491275,8178806prod-eu
IN,24,Android,1528341528236,1586047119004,8596645prod-in
CN,33,Android,1571246399320,1586065890635,8749022prod-as
CN,33,iOS,1572498491937,1586047253631,8869285prod-as
CN,23,Android,1583451843682,1586048509046,10036055prod-as
IN,24,Android,1537282732219,1586056528585,10206998prod-in
CN,13,iOS,1585577100971,1586045052845,10253382prod-as
HK,3,Android,1585954777685,1586046969265,10290381prod-as
CN,10,Android,1585991218675,1586068440475,10306224prod-as
SG,3,Android,1586059088017,1586059088038,10323222prod-as
LT,23,Android,1521589361737,1586062225267,10386697prod-eu
AU,13,Android,1566089396289,1586045935508,12421327prod-us
BD,5,Android,1556536943485,1586052571912,13652484prod-in
BR,16,Android,1581425370417,1586045022146,15592962prod-us
AR,4,Android,1585843824990,1586060743439,16357553prod-us
BR,4,Android,1585963744192,1586049398127,16380651prod-us
AL,12,Android,1557153215183,1586070550436,19629530prod-eu
IN,17,Android,1569940077707,1586054499870,19698537prod-in
MY,30,Android,1571511626800,1586056272169,20302665prod-in
PH,19,Android,1572836994767,1586047679131,20792448prod-in
EG,13,Samsung,1573895337712,1586047921850,21167521prod-in
MY,27,Android,1577158373198,1586044857530,22422498prod-in
ZM,33,Android,1577275500809,1586062385225,22474480prod-in
ID,28,Android,1578868970419,1586052996192,23126689prod-in
IN,17,Android,1578892021824,1586067675893,23133463prod-in
IN,22,Android,1580912789176,1586056361791,23761524prod-in
IN,7,Android,1581830038010,1586076425547,24047559prod-in
SO,6,Android,1583077540670,1586077219607,24404785prod-in
NG,18,Android,1583408187624,1586054878069,24486210prod-in
GB,5,iOS,1583632661279,1586045466253,24554018prod-in
IN,4,Android,1583689259076,1586067534080,24579266prod-in
VN,13,Android,1583814879301,1586050481501,24612200prod-in
ID,9,Android,1583932609412,1586061022778,24648685prod-in
MY,20,Android,1584192358824,1586067420158,24720519prod-in
ID,10,Android,1584239286903,1586070635517,24732100prod-in
IN,3,Android,1585235861530,1586074178323,25108407prod-in
IN,3,Android,1585310494488,1586073489088,25137876prod-in
BD,7,Android,1585451467924,1586049915513,25191211prod-in
IN,3,Android,1585579011732,1586061710420,25245041prod-in
EG,5,Android,1585632804123,1586064381564,25261667prod-in
IN,3,Android,1585753725234,1586047927578,25311083prod-in
MY,3,Android,1585904597194,1586071353442,25365578prod-in
PH,4,Android,1585905070728,1586046117519,25365791prod-in
IN,3,Android,1585923904988,1586056726017,25374342prod-in
LK,3,Android,1586062376232,1586062376238,25421432prod-in
PH,3,Android,1586080284381,1586080284391,25430129prod-in
IN,1,Android,1586089076669,1586089076675,25434617prod-in
UZ,16,Android,1580752440776,1586059608673,27506995prod-eu
XK,24,Android,1580991589204,1586074056173,27571378prod-eu
AZ,15,Android,1582652105565,1586059199749,28025387prod-eu
RU,10,Android,1583505608387,1586078588703,28237856prod-eu
IR,6,Android,1583601951927,1586077385213,28274136prod-eu
AE,12,Android,1585039428743,1586058437376,28699091prod-eu
IQ,6,iOS,1585051705831,1586075183460,28703209prod-eu
TR,15,iOS,1585149401808,1586047258840,28740396prod-eu
IT,16,Android,1585188923829,1586044949992,28756048prod-eu
RU,4,Android,1585991775896,1586047841437,29011820prod-eu
RU,4,Android,1585993278628,1586054997229,29012352prod-eu
TR,3,iOS,1585996548959,1586047096930,29013655prod-eu
VN,33,iOS,1516986836756,1586047480173,5397414prod-in
US,12,Android,1511144132539,1586049471027,604886prod-us
CN,30,iOS,1550713278974,1586047271925,6404717prod-as
IN,17,Android,1521451602786,1586059043646,6676769prod-in
ES,23,Android,1514237919345,1586045739422,7165594prod-eu
IN,24,Android,1523894969869,1586060344299,7479476prod-in
MY,33,Android,1526043196152,1586053769432,8058237prod-in
IN,17,Android,1526312682583,1586061093541,8126483prod-in
CN,24,iOS,1576308690781,1586045587311,9271357prod-as
CN,24,iOS,1581399186172,1586046928693,9843274prod-as
CN,33,Android,1584449987010,1586050050381,10130167prod-as
TH,5,Android,1585348596681,1586044931246,10231989prod-as
CN,4,iOS,1585642505219,1586057082035,10258179prod-as
CN,13,iOS,1585716396127,1586050847997,10263575prod-as
CN,6,Android,1585739613324,1586045408943,10266068prod-as
CN,6,iOS,1585906248498,1586055924929,10284000prod-as
TH,3,Android,1585973463077,1586085018151,10297471prod-as
RU,10,Android,1511215064787,1586045914019,1255818prod-eu
VN,29,iOS,1554441350980,1586056354973,12872456prod-in
CO,10,Android,1570688529193,1586051725035,13369053prod-us
MY,3,Android,1556634401229,1586078281873,13711754prod-in
US,7,iOS,1577952167529,1586045722644,14926134prod-us
TN,15,Android,1583776706356,1586045229921,15944960prod-us
UNKNOWN,8,iOS,1583877458822,1586108689523,15959514prod-us
US,11,Android,1584069672757,1586047839096,15986796prod-us
US,5,iOS,1585119007314,1586047088742,16206001prod-us
DO,3,Android,1586096131426,1586096131450,16401849prod-us
CL,1,Android,1586108522940,1586108522963,16404354prod-us
MY,29,Android,1564977564573,1586049024893,17688173prod-in
IN,6,Android,1565552461421,1586061662253,18034606prod-in
MX,33,iOS,1511813969734,1586051860466,1816598prod-us
MY,7,Android,1567795829612,1586074639545,18870275prod-in
RU,14,Android,1556527165032,1586049516775,19356454prod-eu
IN,33,Android,1570308901857,1586076134678,19834107prod-in
ID,20,Android,1574343638158,1586051254232,21323608prod-in
AO,22,Android,1574859262305,1586092640290,21512889prod-in
NG,10,Samsung,1575500166059,1586052616031,21753200prod-in
IN,22,iOS,1577461431966,1586047480717,22554523prod-in
VN,28,Android,1579358734780,1586060838375,23327361prod-in
UZ,4,Android,1569854556488,1586048595534,23820084prod-eu
GH,24,iOS,1581352856852,1586049332044,23916980prod-in
MM,14,Android,1584508838614,1586051524033,24819081prod-in
PH,23,Android,1584868323297,1586047811017,24956298prod-in
EG,10,Android,1585183162148,1586072080613,25081272prod-in
PH,13,Android,1585351099734,1586044923292,25152051prod-in
IN,2,Android,1585816049157,1586067626444,25332397prod-in
KE,4,Android,1585822825952,1586059562023,25335664prod-in
IN,4,Android,1585830794829,1586060965042,25339659prod-in
IN,3,Android,1585962355761,1586054728174,25384134prod-in
PK,4,Android,1585984386172,1586064779796,25393237prod-in
MG,3,Android,1585986670922,1586068412623,25394397prod-in
NG,4,Android,1586030451731,1586045916692,25413129prod-in
IN,3,Android,1586056077639,1586056077643,25418651prod-in
IN,1,Android,1586073799361,1586073799366,25426908prod-in
IN,3,Android,1586081586180,1586081586194,25430835prod-in
SK,15,Android,1575112027872,1586046899217,25450292prod-eu
UA,20,Android,1578725158171,1586065519499,26900226prod-eu
RU,20,iOS,1579627831542,1586070421369,27202869prod-eu
AZ,19,iOS,1579958543727,1586050048683,27286325prod-eu
KG,7,Android,1583839435134,1586072038354,28347816prod-eu
DE,13,Android,1584499783697,1586044817306,28540200prod-eu
FR,7,Android,1585420943031,1586083354919,28841364prod-eu
LB,5,Android,1585680611297,1586064224787,28924655prod-eu
RU,4,iOS,1585819164852,1586078956667,28961922prod-eu
CN,24,iOS,1518882875102,1586048031544,3227245prod-as
CN,27,Android,1524154211619,1586051625902,3975676prod-as
CN,33,iOS,1532924160522,1586046467170,4940416prod-as
CN,33,iOS,1540471922310,1586048587875,5640987prod-as
CN,7,Android,1567320564757,1586054499271,8356554prod-as
CN,9,Android,1579535348290,1586061311007,9622185prod-as
CN,24,iOS,1580606523647,1586044834892,9734969prod-as
CN,33,Android,1581854569871,1586056161370,9891257prod-as
TH,13,Android,1583030507538,1586046053705,9999551prod-as
CN,3,iOS,1585928813250,1586055475177,10286807prod-as
CN,27,Android,1585985056699,1586044882639,10302867prod-as
CN,7,iOS,1586001489520,1586049614982,10312507prod-as
CN,6,iOS,1586015270271,1586052775551,10317148prod-as
CN,4,iOS,1586025834797,1586057685132,10318571prod-as
CN,3,iOS,1586028839615,1586044926973,10318834prod-as
CN,16,Android,1586051542124,1586051542147,10321445prod-as
BR,33,Android,1557541142358,1586047099933,10618566prod-us
BR,20,Android,1558896141549,1586102026960,10954888prod-us
CD,5,iOS,1547053938304,1586081919093,11510532prod-in
KR,31,iOS,1512208668385,1586062554763,1261014prod-as
IN,25,Android,1554345300966,1586053153982,12830425prod-in
AR,5,Android,1576172199466,1586048417939,14451457prod-us
BR,16,Android,1581772528984,1586045301962,15641144prod-us
US,4,iOS,1586013725432,1586044941930,16387349prod-us
US,1,Android,1586044075516,1586045287043,16394316prod-us
IN,13,Android,1565441592086,1586059228350,17974404prod-in
RU,33,Android,1552662241387,1586068940014,18045586prod-eu
TR,31,Android,1556221876303,1586044845954,19228151prod-eu
LK,2,Android,1571392136398,1586096714212,20250997prod-in
IN,12,Android,1575035514160,1586063233398,21577904prod-in
TR,3,Android,1569068922168,1586070381974,23573826prod-eu
PL,26,iOS,1569919911202,1586068314796,23834240prod-eu
VN,20,iOS,1583083410084,1586050951813,24406525prod-in
VN,14,iOS,1583398885860,1586044983255,24482906prod-in
IN,9,Samsung,1583717904817,1586073730649,24584104prod-in
MY,13,iOS,1584683478061,1586059296747,24879384prod-in
LK,14,Android,1584871919123,1586046840993,24958249prod-in
ID,22,Android,1584979093424,1586073128600,25003056prod-in
IN,4,Android,1585401648390,1586059479460,25175451prod-in
IN,4,Android,1585474602627,1586064148561,25202546prod-in
IN,4,Android,1585744543076,1586069137317,25306659prod-in
PH,4,Android,1585759239667,1586077018366,25313523prod-in
PH,3,iOS,1585796891816,1586080670626,25323524prod-in
IN,5,Android,1585830627356,1586063328177,25339586prod-in
IN,4,Android,1585846333821,1586082537995,25346422prod-in
PH,5,iOS,1585881983196,1586045407938,25355319prod-in
IN,4,Android,1585967766620,1586047765154,25385812prod-in
MM,3,Android,1586033632935,1586061675086,25413743prod-in
EG,3,Android,1586040749115,1586074604037,25414742prod-in
NG,3,Android,1586045785772,1586045785778,25415590prod-in
ID,3,Android,1586051931609,1586051931617,25417158prod-in
MY,3,Android,1586053989031,1586053989038,25417851prod-in
MM,3,Android,1586091306756,1586091306767,25435765prod-in
LK,3,Android,1586098543814,1586098543843,25439189prod-in
CN,9,iOS,1516724891988,1586044811499,2557974prod-as
RU,32,Android,1577180671587,1586056854306,26220857prod-eu
RU,15,Android,1580813812774,1586063250164,27519008prod-eu
RU,25,iOS,1583262438528,1586055957046,28179837prod-eu
KZ,6,iOS,1584195017821,1586049994109,28445409prod-eu
CN,30,iOS,1517805194831,1586044836955,2856860prod-as
FR,10,Android,1584909281511,1586046093384,28667715prod-eu
TR,13,iOS,1585088966817,1586047481870,28721841prod-eu
AM,7,iOS,1585271582931,1586060025520,28788535prod-eu
TJ,4,Android,1585575334700,1586076942187,28888777prod-eu
KZ,4,Android,1585968816834,1586049060123,29007244prod-eu
PL,3,Android,1586031324271,1586112221509,29027464prod-eu
UA,7,Android,1586091367272,1586091367299,29041005prod-eu
KZ,1,Android,1586107163275,1586107163298,29047162prod-eu
CN,14,Android,1535011971422,1586052264888,5171781prod-as
RU,33,iOS,1511019687536,1586061425333,531453prod-eu
AM,26,iOS,1514108905144,1586061871695,7043231prod-eu
BR,13,Android,1537466575831,1586067035784,7659129prod-us
BR,5,Android,1543288428702,1586048849212,8305809prod-us
CN,10,iOS,1572771021079,1586045954667,8906921prod-as
CN,27,Android,1579828845154,1586044837630,9648744prod-as
CN,33,iOS,1580191042028,1586052091413,9694229prod-as
CN,15,iOS,1583414276612,1586049221524,10034123prod-as
CN,24,Android,1584020367507,1586048534501,10087589prod-as
CN,7,iOS,1584188203502,1586048360837,10100039prod-as
CN,5,iOS,1585307629796,1586045123401,10229305prod-as
JP,12,iOS,1585532887580,1586044911477,10248392prod-as
CN,5,iOS,1585931328563,1586058224460,10287117prod-as
CN,4,iOS,1585936128938,1586068824738,10287946prod-as
CN,5,Android,1585974938279,1586057381819,10298338prod-as
CN,3,iOS,1586055700515,1586055700621,10322328prod-as
IT,4,Android,1523538213984,1586072449407,11152120prod-eu
US,2,Android,1561327390432,1586045179683,11398985prod-us
CN,33,iOS,1512135630964,1586045112557,1141070prod-as
IN,33,Android,1549008424402,1586057863496,11766656prod-in
ID,33,Android,1553389875524,1586045682839,12474226prod-in
ID,3,Android,1555647430718,1586077655588,13185056prod-in
US,7,Amazon,1574883752431,1586045070725,14167867prod-us
IN,28,Android,1559470077967,1586067727001,15460897prod-in
US,12,Android,1583921933485,1586085156725,15965482prod-us
BR,10,iOS,1584847610192,1586044914603,16141535prod-us
BR,15,Android,1584892379092,1586047673638,16148615prod-us
PE,5,Android,1585641559461,1586095861093,16320596prod-us
AR,3,Android,1585856354841,1586090510056,16360541prod-us
BR,4,Android,1585922193279,1586044836547,16371590prod-us
NZ,7,Android,1585943177457,1586044835581,16375632prod-us
BR,4,Android,1585980549507,1586052712997,16384079prod-us
CR,3,Samsung,1586054908153,1586054908175,16397119prod-us
IN,22,Android,1563414506388,1586065086908,17065991prod-in
IN,22,Android,1563457062602,1586052073052,17083022prod-in
TZ,32,iOS,1566607910760,1586089996364,18431748prod-in
IN,18,Android,1568964273572,1586049014976,19313581prod-in
ID,27,Android,1570589251899,1586047382350,19946446prod-in
IN,24,Android,1572760304385,1586063362974,20763897prod-in
VN,33,iOS,1575169737038,1586047025041,21629959prod-in
TN,14,Samsung,1575799164405,1586084327772,21872786prod-in
IN,5,Android,1579958096068,1586054203018,23497295prod-in
QA,33,Android,1571005095294,1586073267183,24161234prod-eu
IN,19,Android,1582293972421,1586050727107,24181054prod-in
IT,26,Android,1571174688882,1586045148172,24209715prod-eu
DE,27,Android,1571185118086,1586045318705,24211065prod-eu
CI,29,Amazon,1582911861897,1586045031386,24355483prod-in
IR,11,Android,1572083912739,1586084723208,24490235prod-eu
NE,8,Android,1583943611497,1586051534827,24652744prod-in
IN,7,Android,1584270392473,1586059021358,24745318prod-in
NG,9,Android,1584613623523,1586070029576,24856363prod-in
PH,14,Android,1584641828181,1586080423244,24868036prod-in
RU,23,Android,1573459504203,1586077756484,24940739prod-eu
NG,6,Android,1585061177643,1586074986983,25034529prod-in
IN,15,Android,1585142098070,1586062427758,25067961prod-in
EG,11,Android,1585149080511,1586092789456,25071854prod-in
IN,4,Android,1585444322638,1586048133813,25188716prod-in
IN,6,iOS,1585475161292,1586044816281,25202860prod-in
IN,4,Android,1585717557057,1586044938521,25293024prod-in
IN,4,Android,1585757941753,1586054695441,25312973prod-in
IN,4,Android,1585852695896,1586055517359,25348537prod-in
ID,4,Android,1586001430335,1586050313575,25401793prod-in
MM,3,Android,1586003340393,1586071255994,25402782prod-in
IN,3,Android,1586006237375,1586078607669,25404224prod-in
TN,3,Android,1586007263026,1586078814313,25404680prod-in
EG,3,Samsung,1586024788962,1586069332211,25411693prod-in
PH,3,Android,1586099507121,1586099507126,25439659prod-in
RU,10,Android,1577097584135,1586063308643,26190006prod-eu
RU,18,Android,1580241493398,1586058501791,27370941prod-eu
UZ,15,Android,1580981696143,1586058326843,27567845prod-eu
PT,18,Android,1583604712907,1586082758166,28275796prod-eu
AE,6,Android,1583757761483,1586045038098,28326584prod-eu
SY,3,Android,1585803295943,1586067905914,28957788prod-eu
RU,5,iOS,1585900546471,1586070241895,28986365prod-eu
GB,2,Android,1586037494422,1586078740763,29029280prod-eu
BE,5,Android,1586086893197,1586086893225,29039177prod-eu
UA,3,Android,1586087218286,1586087218311,29039295prod-eu
JO,3,Android,1586088631467,1586088631494,29039863prod-eu
CN,33,iOS,1519230083075,1586046486903,3345331prod-as
IN,20,Android,1512621718421,1586067712963,3358237prod-in
RU,33,Android,1511897519061,1586059829333,3622685prod-eu
AE,14,Android,1512120178850,1586045530499,4136094prod-eu
HK,33,Android,1530657944324,1586047593403,4597563prod-as
CN,2,Android,1530859301902,1586068267941,4619604prod-as
CN,23,Android,1532344994494,1586068891292,4853971prod-as
CN,6,iOS,1535977784133,1586046609340,5250549prod-as
CN,13,Android,1548571064071,1586044871899,6228216prod-as
ID,2,Android,1524882108316,1586101346250,7773415prod-in
TH,8,Android,1566949368899,1586067806723,8313452prod-as
MY,5,Android,1530626793944,1586047542177,9082820prod-in
CN,4,iOS,1574695450480,1586058240566,9103044prod-as
IN,33,Android,1533778841955,1586053934646,9632105prod-in
MZ,30,Android,1533883953635,1586062205683,9648695prod-in
CN,24,iOS,1580473034205,1586050645094,9721171prod-as
CN,12,Android,1581931796933,1586052748285,9897753prod-as
CN,6,Android,1582118653110,1586053833253,9915044prod-as
CN,16,iOS,1583710274892,1586045985045,10060706prod-as
GE,5,Android,1511166310543,1586073231812,1016796prod-eu
TH,17,iOS,1584780273435,1586046306884,10170409prod-as
CN,10,iOS,1584838807232,1586054515324,10177273prod-as
IN,5,Android,1537432775858,1586067174348,10224916prod-in
CN,6,iOS,1585787609410,1586046473235,10269279prod-as
CN,4,iOS,1585988663061,1586045606584,10304799prod-as
CN,3,iOS,1585991378082,1586052747409,10306336prod-as
CN,3,iOS,1585992939568,1586047535814,10307304prod-as
CN,4,Android,1585996123337,1586049646518,10309203prod-as
TH,3,Android,1586007887218,1586065461292,10315191prod-as
CN,4,iOS,1586048693221,1586048693242,10320887prod-as
CN,3,iOS,1586072890419,1586072890444,10325790prod-as
LK,5,Android,1538566131406,1586058966191,10372370prod-in
US,3,Android,1558542583335,1586056004187,10873322prod-us
PH,15,Android,1545692916401,1586047373571,11271760prod-in
IN,29,Android,1548699177243,1586058561917,11729841prod-in
MZ,29,Android,1550084681614,1586050745007,11937095prod-in
IN,9,Android,1554017975299,1586048764128,12675256prod-in
CN,6,iOS,1530910154346,1586075535847,13283562prod-eu
IN,4,Android,1556729680530,1586066565205,13776767prod-in
RU,10,iOS,1534010236858,1586070300542,14050578prod-eu
IN,8,Android,1557668411008,1586075124673,14402166prod-in
BR,20,Android,1576387003398,1586045444246,14511692prod-us
BR,6,Android,1576452077413,1586097405727,14528069prod-us
PE,13,Android,1577359692999,1586051590168,14761048prod-us
US,20,Android,1578203672122,1586047201027,14993908prod-us
EC,24,Android,1581878165437,1586045095049,15660722prod-us
US,24,iOS,1581976245754,1586049247770,15676498prod-us
NZ,5,iOS,1584878099445,1586046849274,16145720prod-us
US,10,iOS,1585071817319,1586044894874,16191332prod-us
US,6,Android,1585508791077,1586054996861,16291451prod-us
IN,3,Android,1561391696608,1586058430256,16327344prod-in
BR,3,Android,1585972053767,1586045066778,16382654prod-us
BR,3,Android,1586029891049,1586044827930,16390839prod-us
RU,33,Android,1548850947671,1586045875313,17166666prod-eu
IN,12,Android,1509162594992,1586058657807,17792prod-in
CN,3,iOS,1513327303811,1586084746752,1856851prod-as
IN,26,Android,1570888942936,1586072863833,20061940prod-in
GH,25,Android,1572306455001,1586046673013,20597284prod-in
PH,33,iOS,1573628556661,1586045527274,21074993prod-in
IN,4,Android,1576345100289,1586059888951,22088309prod-in
AF,24,Android,1576481855441,1586058290403,22146512prod-in
GH,15,Android,1511909712995,1586057647355,2289370prod-in
MY,27,Android,1578773193029,1586048676131,23079870prod-in
IN,16,Android,1578915829579,1586047008494,23146142prod-in
EG,18,Samsung,1579296684574,1586053221660,23303655prod-in
IN,6,Android,1579575370062,1586053348654,23391214prod-in
UZ,13,Android,1570634146228,1586067033644,24030290prod-eu
IN,24,iOS,1582311917362,1586049335131,24186905prod-in
CN,17,iOS,1516260371240,1586048608216,2443376prod-as
GH,17,iOS,1583285976273,1586075084678,24452648prod-in
ID,8,iOS,1583406366641,1586054907977,24485551prod-in
CN,20,iOS,1516422129290,1586047760304,2467533prod-as
ID,3,Android,1584467645039,1586051065782,24809292prod-in
NG,8,Android,1584481206835,1586073295097,24811814prod-in
ID,16,Android,1584545793944,1586052547890,24835416prod-in
ID,13,Android,1584686120281,1586054621856,24880678prod-in
PH,10,Android,1585220871469,1586048286170,25099885prod-in
PH,12,Android,1585450541508,1586045466190,25190825prod-in
IN,11,Android,1585660865665,1586051846561,25275579prod-in
VN,2,Android,1585829772062,1586052483974,25339150prod-in
VN,3,Android,1585924427598,1586048694456,25374546prod-in
BD,4,Android,1585924678628,1586067673362,25374661prod-in
ID,3,Android,1585990355943,1586072527065,25396221prod-in
IN,4,Android,1585997090125,1586056016517,25399506prod-in
TZ,2,Android,1586041400765,1586046595005,25414834prod-in
MY,5,Android,1586053055343,1586053055356,25417533prod-in
MY,3,iOS,1586054584331,1586054584334,25418063prod-in
EG,3,Android,1586071217453,1586071217459,25425633prod-in
ZA,3,Android,1586105768222,1586105768227,25442083prod-in
IQ,31,Android,1575172845887,1586077180791,25476238prod-eu
UA,10,Android,1575229983339,1586066469154,25507299prod-eu
UZ,19,Android,1577263192565,1586060962673,26254434prod-eu
RU,21,Android,1510945991369,1586067057986,264041prod-eu
IE,6,Android,1577933772759,1586045593110,26585324prod-eu
CN,9,iOS,1517585276590,1586054246685,2732777prod-as
IR,18,Android,1582891183570,1586047640388,28079227prod-eu
DE,10,Android,1584449607330,1586069100041,28525513prod-eu
AF,7,Android,1584545034471,1586085780580,28553240prod-eu
RU,8,Android,1584844249072,1586056580074,28644102prod-eu
RU,7,Android,1585766964458,1586044961209,28950742prod-eu
IQ,2,Android,1586035104175,1586052425513,29028659prod-eu
KZ,3,Android,1586037533882,1586066591822,29029291prod-eu
BG,3,Android,1586104642698,1586104642720,29046162prod-eu
CN,24,iOS,1526720395357,1586050463324,4258242prod-as
IN,7,Android,1514173966425,1586054306917,4492634prod-in
CL,4,Android,1518931836093,1586052003201,4713867prod-us
CL,7,Android,1519578236868,1586049301564,4860258prod-us
CN,33,Android,1532403035660,1586045135929,4862117prod-as
CN,29,iOS,1533655175463,1586048151002,5018347prod-as
CN,3,iOS,1538952895336,1586057390796,5517128prod-as
US,24,Android,1523390599161,1586084991322,5645773prod-us
RU,33,Android,1513267177504,1586045138765,6341315prod-eu
IN,22,Android,1520572103159,1586046439435,6435529prod-in
PH,33,Android,1522947532060,1586045640689,7162127prod-in
CN,33,iOS,1557976508308,1586047020945,7167775prod-as
CN,4,Android,1560944435660,1586074650969,7501643prod-as